,aircraft,squadron,lot,msp,zulu_time,flight_mode
1389423,45, L,110,VBQGQG, 01-JAN-2000 08:10:39:40, EngineTurn
1389424,45, L,110,MQFVFV, 01-JAN-2000 08:10:40:40, EngineTurn
1389425,45, L,110,JDHPZJ, 01-JAN-2000 08:42:14:80, EngineTurn
1389426,45, L,110,UXXUXU, 01-JAN-2000 08:42:14:80, EngineTurn
1389427,45, L,110,HPQGUX, 01-JAN-2000 08:42:14:80, EngineTurn
1389428,45, L,110,HPQGVB, 01-JAN-2000 08:42:14:80, EngineTurn
1389429,45, L,110,XUHPJD, 01-JAN-2000 08:42:14:80, EngineTurn
1389430,45, L,110,XUHPVB, 01-JAN-2000 08:42:14:80, EngineTurn
1389431,45, L,110,XUHPQG, 01-JAN-2000 08:42:14:80, EngineTurn
1389432,45, L,110,XUHPFV, 01-JAN-2000 08:42:14:80, EngineTurn
1389433,45, L,110,MQXUFV, 01-JAN-2000 08:42:14:80, EngineTurn
1389434,45, L,110,XUXUJD, 01-JAN-2000 08:42:14:80, EngineTurn
1389435,45, L,110,MQMQZJ, 01-JAN-2000 08:42:14:80, EngineTurn
1389436,45, L,110,HPXUQG, 01-JAN-2000 08:42:44:00, EngineTurn
1389437,45, L,110,HP, 01-JAN-2000 08:43:31:30, EngineTurn
1389438,45, L,110,HPXUQG, 01-JAN-2000 08:43:32:00, EngineTurn
1389439,45, L,110,HPQGUX, 01-JAN-2000 08:43:32:00, EngineTurn
1389440,45, L,110,HPQGVB, 01-JAN-2000 08:43:32:00, EngineTurn
1389441,45, L,110,MZUXHP, 01-JAN-2000 08:43:43:00, EngineTurn
1389442,45, L,110,UXXUXU, 01-JAN-2000 08:43:44:50, EngineTurn
1389443,45, L,110,FVHPHP, 01-JAN-2000 08:43:44:70, EngineTurn
1389444,45, L,110,HPUXMQ, 01-JAN-2000 08:47:10:15, EngineTurn
1389445,45, L,110,VBMQQG, 01-JAN-2000 08:47:22:15, EngineTurn
1389446,45, L,110,HPVBHP, 01-JAN-2000 14:40:04:05, EngineTurn
1389447,45, L,110,FVHPHP, 01-JAN-2000 14:40:05:55, EngineTurn
1389448,45, L,110,HPXUQG, 01-JAN-2000 14:41:25:05, EngineTurn
1389449,45, L,110,XUXUJD, 01-JAN-2000 15:12:24:65, EngineTurn
1389450,45, L,110,MQXUFV, 01-JAN-2000 15:26:31:65, EngineTurn
1389451,45, L,110,MQUXVB, 01-JAN-2000 15:35:07:80, EngineTurn
1389452,45, L,110,XUXUXU, 01-JAN-2010 16:45:30:05, EngineTurn
1389453,45, L,110,HP, 01-JAN-2010 17:00:07:25, InFlight
1389454,45, L,110,UXXUXU, 01-JAN-2010 17:00:17:65, InFlight
1389455,45, L,110,FVHPHP, 01-JAN-2010 17:00:17:85, InFlight
1389456,45, L,110,HPXUQG, 01-JAN-2010 17:00:24:95, InFlight
1389457,45, L,110,UXJDVB, 01-JAN-2010 17:43:20:35, InFlight
1389458,45, L,110,XUHPQG, 01-JAN-2011 03:03:46:85, GrndPwr
1389459,45, L,110,XUHPVB, 01-JAN-2011 03:03:46:85, GrndPwr
1389460,45, L,110,XUHPJD, 01-JAN-2011 03:03:46:85, GrndPwr
1389461,45, L,110,XUHPFV, 01-JAN-2011 03:03:46:85, GrndPwr
1389462,45, L,110,HPQGVB, 01-JAN-2011 03:03:49:85, GrndPwr
1389463,45, L,110,HPQGUX, 01-JAN-2011 03:03:50:85, GrndPwr
1389464,45, L,110,JDHPZJ, 01-JAN-2011 03:11:06:75, GrndPwr
1389465,45, L,110,UXXUXU, 01-JAN-2011 03:20:31:20, EngineTurn
1389466,45, L,110,MQXUFV, 01-JAN-2011 03:25:47:70, EngineTurn
1389467,45, L,110,XUXUJD, 01-JAN-2011 03:28:30:70, EngineTurn
1389468,45, L,110,MQMQZJ, 01-JAN-2011 03:29:03:70, EngineTurn
1389469,45, L,110,XUHPFV, 01-JAN-2013 11:27:13:60, GrndPwr
1389470,45, L,110,XUHPQG, 01-JAN-2013 11:27:13:60, GrndPwr
1389471,45, L,110,XUHPVB, 01-JAN-2013 11:27:13:60, GrndPwr
1389472,45, L,110,XUHPJD, 01-JAN-2013 11:27:13:60, GrndPwr
1389473,45, LL,110,UXXUXU, 01-JAN-2019 03:24:54:85, EngineTurn
1389474,45, LL,110,FVHPHP, 01-JAN-2019 03:24:55:05, EngineTurn
1389475,45, L,110,XUHPQG, 01-JUL-2005 06:45:54:75, EngineTurn
1389476,45, L,110,XUHPFV, 01-JUL-2005 06:45:54:75, EngineTurn
1389477,45, L,110,XUHPJD, 01-JUL-2005 06:45:54:75, EngineTurn
1389478,45, L,110,XUHPVB, 01-JUL-2005 06:45:54:75, EngineTurn
1389479,45, L,110,HPVBHP, 01-JUL-2005 06:46:23:95, EngineTurn
1389480,45, L,110,MZVBRT, 01-JUL-2005 06:48:44:60, EngineTurn
1389481,45, L,110,XUXUJD, 01-JUL-2005 06:48:56:60, EngineTurn
1389482,45, L,110,FVHPHP, 01-JUL-2005 06:51:40:50, EngineTurn
1389483,45, L,110,HP, 01-JUL-2005 06:51:42:70, EngineTurn
1389484,45, L,110,MZVBRT, 01-JUL-2005 06:51:43:60, EngineTurn
1389485,45, L,110,FVHPHP, 01-JUL-2005 06:51:53:10, EngineTurn
1389486,45, L,110,HP, 01-JUL-2005 06:54:44:50, EngineTurn
1389487,45, L,110,MZVBRT, 01-JUL-2005 06:54:44:60, EngineTurn
1389488,45, L,110,XUXUJD, 01-JUL-2005 06:54:52:60, EngineTurn
1389489,45, L,110,FVHPHP, 01-JUL-2005 06:54:54:90, EngineTurn
1389490,45, L,110,MQHPZJ, 01-JUL-2005 07:07:21:80, EngineTurn
1389491,45, L,110,JDUXMZ, 01-JUL-2005 07:19:25:15, InFlight
1389492,45, L,110,HP, 01-JUL-2005 07:19:30:40, InFlight
1389493,45, L,110,MZVBRT, 01-JUL-2005 07:19:31:10, InFlight
1389494,45, L,110,JDUXMZ, 01-JUL-2005 07:19:31:20, InFlight
1389495,45, L,110,FVHPHP, 01-JUL-2005 07:19:40:80, InFlight
1389496,45, L,110,XUMQQG, 01-JUL-2005 07:24:09:15, InFlight
1389497,45, L,110,JDZJQG, 01-JUL-2005 07:32:44:30, InFlight
1389498,45, L,110,UXXUVB, 01-JUL-2005 08:51:13:05, InFlight
1389499,45, L,110,MQMQHP, 01-JUL-2005 09:22:53:85, InFlight
1389500,45, L,110,JDZJQG, 01-JUL-2005 11:43:35:70, EngineTurn
1389501,45, L,110,UXXUVB, 01-JUL-2005 11:43:35:70, EngineTurn
1389502,45, L,110,FVHPHP, 01-JUL-2005 11:43:35:70, EngineTurn
1389503,45, L,110,HP, 01-JUL-2005 11:43:35:70, EngineTurn
1389504,45, L,110,MZVBRT, 01-JUL-2005 11:43:35:70, EngineTurn
1389505,45, L,110,JDUXMZ, 01-JUL-2005 11:43:35:70, EngineTurn
1389506,45, L,110,MQMQHP, 01-JUL-2005 11:43:35:70, EngineTurn
1389507,45, L,110,XUMQQG, 01-JUL-2005 11:43:35:70, EngineTurn
1389508,45, L,110,MZVBRT, 01-JUL-2005 11:43:35:80, EngineTurn
1389509,45, L,110,HP, 01-JUL-2005 11:43:35:80, EngineTurn
1389510,45, L,110,JDUXMZ, 01-JUL-2005 11:43:35:80, EngineTurn
1389511,45, L,110,MQMQHP, 01-JUL-2005 11:43:35:80, EngineTurn
1389512,45, L,110,UXXUVB, 01-JUL-2005 11:43:35:80, EngineTurn
1389513,45, L,110,FVHPHP, 01-JUL-2005 11:43:35:80, EngineTurn
1389514,45, L,110,XUMQQG, 01-JUL-2005 11:43:35:80, EngineTurn
1389515,45, L,110,JDZJQG, 01-JUL-2005 11:43:35:80, EngineTurn
1389516,45, L,110,MZVBRT, 01-JUL-2005 11:43:37:70, EngineTurn
1389517,45, L,110,HP, 01-JUL-2005 11:43:37:70, EngineTurn
1389518,45, L,110,MQMQHP, 01-JUL-2005 11:43:37:70, EngineTurn
1389519,45, L,110,UXXUVB, 01-JUL-2005 11:43:37:70, EngineTurn
1389520,45, L,110,JDZJQG, 01-JUL-2005 11:43:37:70, EngineTurn
1389521,45, L,110,JDUXMZ, 01-JUL-2005 11:43:37:70, EngineTurn
1389522,45, L,110,FVHPHP, 01-JUL-2005 11:43:37:70, EngineTurn
1389523,45, L,110,XUMQQG, 01-JUL-2005 11:43:37:70, EngineTurn
1389524,45, L,110,HPXUFV, 01-JUL-2009 09:05:42:40, EngineTurn
1389525,45, L,110,MQUXXU, 01-JUL-2009 09:15:18:05, EngineTurn
1389526,45, L,110,HP, 01-JUL-2009 09:33:27:55, InFlight
1389527,45, L,110,MQUXXU, 01-JUL-2009 09:33:28:30, InFlight
1389528,45, L,110,MQMQZJ, 01-JUL-2009 09:33:28:30, InFlight
1389529,45, L,110,ZJUXNV, 01-JUL-2009 09:33:28:30, InFlight
1389530,45, L,110,HPXUFV, 01-JUL-2009 09:33:31:25, InFlight
1389531,45, L,110,UXXUXU, 01-JUL-2009 09:33:37:95, InFlight
1389532,45, L,110,FVHPHP, 01-JUL-2009 09:33:38:15, InFlight
1389533,45, L,110,UXJDVB, 01-JUL-2009 09:33:53:15, InFlight
1389534,45, L,110,UXXUVB, 01-JUL-2009 09:39:58:35, InFlight
1389535,45, L,110,MZMZUX, 01-JUL-2009 09:46:44:45, InFlight
1389536,45, L,110,FVMQHP, 01-JUL-2009 09:53:22:35, InFlight
1389537,45, L,110,XUXUJD, 01-JUL-2009 10:47:35:15, EngineTurn
1389538,45, L,110,FVHPZJ, 01-JUL-2009 11:06:44:60, EngineTurn
1389539,45, L,110,UXQGHP, 01-JUL-2009 11:06:49:60, EngineTurn
1389540,45, L,110,FVHPMZ, 01-JUL-2009 11:07:54:80, EngineTurn
1389541,45, L,110,UXQGMZ, 01-JUL-2009 11:07:59:80, EngineTurn
1389542,45, L,110,UXHPMZ, 01-JUL-2009 11:39:12:35, EngineTurn
1389543,45, L,110,UXHPUX, 01-JUL-2009 11:39:12:35, EngineTurn
1389544,45, L,110,JDMQMZ, 01-JUL-2009 12:18:12:90, EngineTurn
1389545,45, L,110,HP, 01-JUL-2009 12:18:51:15, InFlight
1389546,45, L,110,MQUXXU, 01-JUL-2009 12:18:51:95, InFlight
1389547,45, L,110,UXHPUX, 01-JUL-2009 12:18:51:95, InFlight
1389548,45, L,110,ZJUXNV, 01-JUL-2009 12:18:51:95, InFlight
1389549,45, L,110,UXJDVB, 01-JUL-2009 12:19:01:60, InFlight
1389550,45, L,110,UXXUXU, 01-JUL-2009 12:19:01:80, InFlight
1389551,45, L,110,FVHPHP, 01-JUL-2009 12:19:02:00, InFlight
1389552,45, L,110,UXXUVB, 01-JUL-2009 12:24:47:80, InFlight
1389553,45, L,110,MQMQHP, 01-JUL-2009 12:42:00:25, InFlight
1389554,45, L,110,UXXUXU, 01-JUL-2009 13:38:02:60, EngineTurn
1389555,45, L,110,UXJDVB, 01-JUL-2009 13:38:02:60, EngineTurn
1389556,45, L,110,ZJUXNV, 01-JUL-2009 13:38:02:60, EngineTurn
1389557,45, L,110,UXHPUX, 01-JUL-2009 13:38:02:60, EngineTurn
1389558,45, L,110,MQUXXU, 01-JUL-2009 13:38:02:60, EngineTurn
1389559,45, L,110,HP, 01-JUL-2009 13:38:02:60, EngineTurn
1389560,45, L,110,FVHPHP, 01-JUL-2009 13:38:02:60, EngineTurn
1389561,45, L,110,MQMQHP, 01-JUL-2009 13:38:02:60, EngineTurn
1389562,45, L,110,UXXUVB, 01-JUL-2009 13:38:02:60, EngineTurn
1389563,45, L,110,HP, 01-JUL-2009 13:38:02:70, EngineTurn
1389564,45, L,110,MQUXXU, 01-JUL-2009 13:38:02:70, EngineTurn
1389565,45, L,110,UXHPUX, 01-JUL-2009 13:38:02:70, EngineTurn
1389566,45, L,110,ZJUXNV, 01-JUL-2009 13:38:02:70, EngineTurn
1389567,45, L,110,MQMQHP, 01-JUL-2009 13:38:02:70, EngineTurn
1389568,45, L,110,UXXUXU, 01-JUL-2009 13:38:02:70, EngineTurn
1389569,45, L,110,UXXUVB, 01-JUL-2009 13:38:02:70, EngineTurn
1389570,45, L,110,FVHPHP, 01-JUL-2009 13:38:02:70, EngineTurn
1389571,45, L,110,UXJDVB, 01-JUL-2009 13:38:02:70, EngineTurn
1389572,45, L,110,UXHPUX, 01-JUL-2009 13:38:04:50, EngineTurn
1389573,45, L,110,ZJUXNV, 01-JUL-2009 13:38:04:50, EngineTurn
1389574,45, L,110,UXJDVB, 01-JUL-2009 13:38:04:50, EngineTurn
1389575,45, L,110,UXXUXU, 01-JUL-2009 13:38:04:50, EngineTurn
1389576,45, L,110,FVHPHP, 01-JUL-2009 13:38:04:50, EngineTurn
1389577,45, L,110,UXXUVB, 01-JUL-2009 13:38:04:50, EngineTurn
1389578,45, L,110,MQMQHP, 01-JUL-2009 13:38:04:50, EngineTurn
1389579,45, L,110,HP, 01-JUL-2009 13:38:04:50, EngineTurn
1389580,45, L,110,MQUXXU, 01-JUL-2009 13:38:04:50, EngineTurn
1389581,45, L,110,UXXUXU, 01-JUL-2009 17:05:25:05, GrndPwr
1389582,45, L,110,HPXUQG, 01-JUL-2009 17:05:25:15, GrndPwr
1389583,45, L,110,FVHPHP, 01-JUL-2009 17:05:25:45, GrndPwr
1389584,45, L,110,HP, 01-JUL-2014 05:39:56:55, EngineTurn
1389585,45, L,110,UXQGZJ, 01-JUL-2014 05:39:57:75, EngineTurn
1389586,45, L,110,FVHPHP, 01-JUL-2014 05:39:57:95, EngineTurn
1389587,45, L,110,UXXUXU, 01-JUL-2014 05:39:58:15, EngineTurn
1389588,45, L,110,MZUXHP, 01-JUL-2014 05:39:58:70, EngineTurn
1389589,45, L,110,UXXUQG, 01-JUL-2014 05:41:53:15, EngineTurn
1389590,45, L,110,MZMZUX, 01-JUL-2014 05:44:04:25, EngineTurn
1389591,45, L,110,HPUXQG, 01-JUL-2014 05:45:00:25, EngineTurn
1389592,45, L,110,HP, 01-JUL-2014 05:47:08:75, EngineTurn
1389593,45, L,110,MZUXHP, 01-JUL-2014 05:47:09:25, EngineTurn
1389594,45, L,110,HP, 01-JUL-2014 05:47:13:90, EngineTurn
1389595,45, L,110,MZUXHP, 01-JUL-2014 05:47:14:25, EngineTurn
1389596,45, L,110,HPQGVB, 01-JUL-2014 05:47:19:25, EngineTurn
1389597,45, L,110,UXXUXU, 01-JUL-2014 05:47:21:15, EngineTurn
1389598,45, L,110,FVHPHP, 01-JUL-2014 05:47:21:30, EngineTurn
1389599,45, L,110,UXXUQG, 01-JUL-2014 05:49:09:10, EngineTurn
1389600,45, L,110,MZMZUX, 01-JUL-2014 05:50:26:45, EngineTurn
1389601,45, L,110,HP, 01-JUL-2014 05:55:22:70, EngineTurn
1389602,45, L,110,MZUXHP, 01-JUL-2014 05:55:23:40, EngineTurn
1389603,45, L,110,UXXUXU, 01-JUL-2014 05:55:33:15, EngineTurn
1389604,45, L,110,FVHPHP, 01-JUL-2014 05:55:33:35, EngineTurn
1389605,45, L,110,MZMZUX, 01-JUL-2014 05:56:00:45, EngineTurn
1389606,45, L,110,UXXUQG, 01-JUL-2014 05:57:23:10, EngineTurn
1389607,45, L,110,MQXUFV, 01-JUL-2014 06:02:54:45, EngineTurn
1389608,45, L,110,HP, 01-JUL-2014 06:08:16:95, InFlight
1389609,45, L,110,MZUXHP, 01-JUL-2014 06:08:17:65, InFlight
1389610,45, L,110,UXXUXU, 01-JUL-2014 06:08:27:35, InFlight
1389611,45, L,110,FVHPHP, 01-JUL-2014 06:08:27:55, InFlight
1389612,45, L,110,UXJDVB, 01-JUL-2014 06:08:33:15, InFlight
1389613,45, L,110,MZMZUX, 01-JUL-2014 06:08:41:65, InFlight
1389614,45, L,110,UXXUVB, 01-JUL-2014 06:12:28:35, InFlight
1389615,45, L,110,UXVBJD, 01-JUL-2014 06:31:08:50, InFlight
1389616,45, L,110,XUXUJD, 01-JUL-2014 06:57:46:35, EngineTurn
1389617,45, L,110,UXXUXU, 01-JUL-2014 06:58:42:35, EngineTurn
1389618,45, L,110,MZUXHP, 01-JUL-2014 06:58:42:35, EngineTurn
1389619,45, L,110,HP, 01-JUL-2014 06:58:42:35, EngineTurn
1389620,45, L,110,FVHPHP, 01-JUL-2014 06:58:42:35, EngineTurn
1389621,45, L,110,XUXUJD, 01-JUL-2014 06:58:42:35, EngineTurn
1389622,45, L,110,UXVBJD, 01-JUL-2014 06:58:42:35, EngineTurn
1389623,45, L,110,UXXUVB, 01-JUL-2014 06:58:42:35, EngineTurn
1389624,45, L,110,MZMZUX, 01-JUL-2014 06:58:42:35, EngineTurn
1389625,45, L,110,UXJDVB, 01-JUL-2014 06:58:42:35, EngineTurn
1389626,45, L,110,UXXUXU, 01-JUL-2014 06:58:42:45, EngineTurn
1389627,45, L,110,MZUXHP, 01-JUL-2014 06:58:42:45, EngineTurn
1389628,45, L,110,HP, 01-JUL-2014 06:58:42:45, EngineTurn
1389629,45, L,110,FVHPHP, 01-JUL-2014 06:58:42:45, EngineTurn
1389630,45, L,110,XUXUJD, 01-JUL-2014 06:58:42:45, EngineTurn
1389631,45, L,110,MZMZUX, 01-JUL-2014 06:58:42:45, EngineTurn
1389632,45, L,110,UXXUVB, 01-JUL-2014 06:58:42:45, EngineTurn
1389633,45, L,110,UXVBJD, 01-JUL-2014 06:58:42:45, EngineTurn
1389634,45, L,110,UXJDVB, 01-JUL-2014 06:58:42:45, EngineTurn
1389635,45, L,110,UXXUXU, 01-JUL-2014 06:58:44:25, EngineTurn
1389636,45, L,110,MZUXHP, 01-JUL-2014 06:58:44:25, EngineTurn
1389637,45, L,110,HP, 01-JUL-2014 06:58:44:25, EngineTurn
1389638,45, L,110,FVHPHP, 01-JUL-2014 06:58:44:25, EngineTurn
1389639,45, L,110,XUXUJD, 01-JUL-2014 06:58:44:25, EngineTurn
1389640,45, L,110,UXVBJD, 01-JUL-2014 06:58:44:25, EngineTurn
1389641,45, L,110,UXXUVB, 01-JUL-2014 06:58:44:25, EngineTurn
1389642,45, L,110,MZMZUX, 01-JUL-2014 06:58:44:25, EngineTurn
1389643,45, L,110,UXJDVB, 01-JUL-2014 06:58:44:25, EngineTurn
1389644,45, L,110,HP, 01-JUL-2015 23:56:43:25, EngineTurn
1389645,45, L,110,HPVBHP, 01-JUL-2015 23:56:43:35, EngineTurn
1389646,45, L,110,XUJDFV, 01-JUL-2015 23:56:43:35, EngineTurn
1389647,45, L,110,FVHPHP, 01-JUL-2015 23:56:45:65, EngineTurn
1389648,45, L,110,UXXUXU, 01-JUL-2015 23:56:45:85, EngineTurn
1389649,45, L,110,UXXUQG, 01-JUL-2015 23:58:48:70, EngineTurn
1389650,45, L,110,MZXUHP, 01-JUL-2015 23:59:46:00, EngineTurn
1389651,45, L,110,FVHPHP, 01-JUN-2006 03:22:14:60, EngineTurn
1389652,45, L,110,HPVBHP, 01-JUN-2006 03:22:14:70, EngineTurn
1389653,45, L,110,HP, 01-JUN-2006 03:28:28:20, EngineTurn
1389654,45, L,110,HPVBHP, 01-JUN-2006 03:28:28:30, EngineTurn
1389655,45, L,110,HP, 01-JUN-2006 03:28:33:40, EngineTurn
1389656,45, L,110,HPVBHP, 01-JUN-2006 03:28:34:30, EngineTurn
1389657,45, L,110,HPXUFV, 01-JUN-2006 03:38:58:50, EngineTurn
1389658,45, L,110,HPXUQG, 01-JUN-2006 03:39:17:50, EngineTurn
1389659,45, L,110,FVHPHP, 01-JUN-2006 03:54:17:40, EngineTurn
1389660,45, L,110,UXXUQG, 01-JUN-2006 04:04:05:40, EngineTurn
1389661,45, L,110,JDUXMZ, 01-JUN-2006 04:08:32:10, InFlight
1389662,45, L,110,HP, 01-JUN-2006 04:08:37:40, InFlight
1389663,45, L,110,HPVBHP, 01-JUN-2006 04:08:37:90, InFlight
1389664,45, L,110,JDUXMZ, 01-JUN-2006 04:08:37:90, InFlight
1389665,45, L,110,FVHPHP, 01-JUN-2006 04:09:26:60, InFlight
1389666,45, L,110,HPXUFV, 01-JUN-2006 04:11:43:10, InFlight
1389667,45, L,110,HPXUQG, 01-JUN-2006 04:22:25:30, InFlight
1389668,45, L,110,JDUXMZ, 01-JUN-2006 05:11:06:05, EngineTurn
1389669,45, L,110,FVHPHP, 01-JUN-2006 05:11:06:05, EngineTurn
1389670,45, L,110,HPVBHP, 01-JUN-2006 05:11:06:05, EngineTurn
1389671,45, L,110,HP, 01-JUN-2006 05:11:06:05, EngineTurn
1389672,45, L,110,HPXUFV, 01-JUN-2006 05:11:06:05, EngineTurn
1389673,45, L,110,HPXUQG, 01-JUN-2006 05:11:06:05, EngineTurn
1389674,45, L,110,HP, 01-JUN-2006 05:11:06:15, EngineTurn
1389675,45, L,110,HPVBHP, 01-JUN-2006 05:11:06:15, EngineTurn
1389676,45, L,110,JDUXMZ, 01-JUN-2006 05:11:06:15, EngineTurn
1389677,45, L,110,FVHPHP, 01-JUN-2006 05:11:06:15, EngineTurn
1389678,45, L,110,HPXUFV, 01-JUN-2006 05:11:06:15, EngineTurn
1389679,45, L,110,HPXUQG, 01-JUN-2006 05:11:06:15, EngineTurn
1389680,45, L,110,FVHPHP, 01-JUN-2006 05:11:08:05, EngineTurn
1389681,45, L,110,HPXUFV, 01-JUN-2006 05:11:08:05, EngineTurn
1389682,45, L,110,HPXUQG, 01-JUN-2006 05:11:08:05, EngineTurn
1389683,45, L,110,HP, 01-JUN-2006 05:11:08:05, EngineTurn
1389684,45, L,110,HPVBHP, 01-JUN-2006 05:11:08:05, EngineTurn
1389685,45, L,110,JDUXMZ, 01-JUN-2006 05:11:08:05, EngineTurn
1389686,45, L,110,MQUXXU, 01-JUN-2006 05:18:36:85, EngineTurn
1389687,45, L,110,FVHPHP, 01-JUN-2006 16:52:39:50, EngineTurn
1389688,45, L,110,HPVBHP, 01-JUN-2006 16:52:39:50, EngineTurn
1389689,45, L,110,JDJDFV, 01-JUN-2006 16:52:39:50, EngineTurn
1389690,45, L,110,XUXUJD, 01-JUN-2006 16:56:12:30, EngineTurn
1389691,45, L,110,HPUXUX, 01-JUN-2006 16:57:19:30, EngineTurn
1389692,45, L,110,HPFVZJ, 01-JUN-2006 17:00:00:30, EngineTurn
1389693,45, L,110,HP, 01-JUN-2006 17:02:39:80, EngineTurn
1389694,45, L,110,HPFVZJ, 01-JUN-2006 17:02:40:50, EngineTurn
1389695,45, L,110,FVHPHP, 01-JUN-2006 17:02:51:80, EngineTurn
1389696,45, L,110,MQXUFV, 01-JUN-2006 17:06:19:10, EngineTurn
1389697,45, L,110,HPVBHP, 01-JUN-2006 17:06:20:10, EngineTurn
1389698,45, L,110,HP, 01-JUN-2006 17:30:36:45, EngineTurn
1389699,45, L,110,HPVBHP, 01-JUN-2006 17:30:36:55, EngineTurn
1389700,45, L,110,FVHPHP, 01-JUN-2006 17:30:38:05, EngineTurn
1389701,45, L,110,HPUXUX, 01-JUN-2006 17:34:42:40, EngineTurn
1389702,45, L,110,HPFVZJ, 01-JUN-2006 17:36:56:40, EngineTurn
1389703,45, L,110,MQUXXU, 01-JUN-2006 17:44:22:60, EngineTurn
1389704,45, L,110,JDUXMZ, 01-JUN-2006 17:50:12:60, InFlight
1389705,45, L,110,HP, 01-JUN-2006 17:50:17:90, InFlight
1389706,45, L,110,MQUXXU, 01-JUN-2006 17:50:18:60, InFlight
1389707,45, L,110,HPVBHP, 01-JUN-2006 17:50:18:60, InFlight
1389708,45, L,110,HPUXUX, 01-JUN-2006 17:50:18:60, InFlight
1389709,45, L,110,JDUXMZ, 01-JUN-2006 17:50:18:60, InFlight
1389710,45, L,110,HPFVZJ, 01-JUN-2006 17:59:07:75, InFlight
1389711,45, L,110,FVMQHP, 01-JUN-2006 18:20:38:85, InFlight
1389712,45, L,110,HPXUQG, 01-JUN-2006 18:21:05:15, InFlight
1389713,45, L,110,MQMQHP, 01-JUN-2006 18:26:34:15, InFlight
1389714,45, L,110,HPFVMZ, 01-JUN-2006 19:04:13:70, InFlight
1389715,45, L,110,HPXUFV, 01-JUN-2006 19:33:06:10, InFlight
1389716,45, L,110,HPUXUX, 01-JUN-2006 20:04:50:65, EngineTurn
1389717,45, L,110,HPVBHP, 01-JUN-2006 20:04:50:65, EngineTurn
1389718,45, L,110,MQUXXU, 01-JUN-2006 20:04:50:65, EngineTurn
1389719,45, L,110,JDUXMZ, 01-JUN-2006 20:04:50:65, EngineTurn
1389720,45, L,110,HPFVZJ, 01-JUN-2006 20:04:50:65, EngineTurn
1389721,45, L,110,FVMQHP, 01-JUN-2006 20:04:50:65, EngineTurn
1389722,45, L,110,HPXUQG, 01-JUN-2006 20:04:50:65, EngineTurn
1389723,45, L,110,MQMQHP, 01-JUN-2006 20:04:50:65, EngineTurn
1389724,45, L,110,HPFVMZ, 01-JUN-2006 20:04:50:65, EngineTurn
1389725,45, L,110,HPXUFV, 01-JUN-2006 20:04:50:65, EngineTurn
1389726,45, L,110,HP, 01-JUN-2006 20:04:50:65, EngineTurn
1389727,45, L,110,HP, 01-JUN-2006 20:04:50:75, EngineTurn
1389728,45, L,110,HPUXUX, 01-JUN-2006 20:04:50:75, EngineTurn
1389729,45, L,110,HPXUFV, 01-JUN-2006 20:04:50:75, EngineTurn
1389730,45, L,110,HPFVMZ, 01-JUN-2006 20:04:50:75, EngineTurn
1389731,45, L,110,MQMQHP, 01-JUN-2006 20:04:50:75, EngineTurn
1389732,45, L,110,HPXUQG, 01-JUN-2006 20:04:50:75, EngineTurn
1389733,45, L,110,FVMQHP, 01-JUN-2006 20:04:50:75, EngineTurn
1389734,45, L,110,HPFVZJ, 01-JUN-2006 20:04:50:75, EngineTurn
1389735,45, L,110,JDUXMZ, 01-JUN-2006 20:04:50:75, EngineTurn
1389736,45, L,110,MQUXXU, 01-JUN-2006 20:04:50:75, EngineTurn
1389737,45, L,110,HPVBHP, 01-JUN-2006 20:04:50:75, EngineTurn
1389738,45, L,110,HP, 01-JUN-2006 20:04:52:65, EngineTurn
1389739,45, L,110,HPFVMZ, 01-JUN-2006 20:04:52:65, EngineTurn
1389740,45, L,110,MQMQHP, 01-JUN-2006 20:04:52:65, EngineTurn
1389741,45, L,110,HPXUQG, 01-JUN-2006 20:04:52:65, EngineTurn
1389742,45, L,110,FVMQHP, 01-JUN-2006 20:04:52:65, EngineTurn
1389743,45, L,110,HPXUFV, 01-JUN-2006 20:04:52:65, EngineTurn
1389744,45, L,110,JDUXMZ, 01-JUN-2006 20:04:52:65, EngineTurn
1389745,45, L,110,MQUXXU, 01-JUN-2006 20:04:52:65, EngineTurn
1389746,45, L,110,HPVBHP, 01-JUN-2006 20:04:52:65, EngineTurn
1389747,45, L,110,HPUXUX, 01-JUN-2006 20:04:52:65, EngineTurn
1389748,45, L,110,HPFVZJ, 01-JUN-2006 20:04:52:65, EngineTurn
1389749,45, L,110,UXXUXU, 01-JUN-2009 01:39:04:55, EngineTurn
1389750,45, L,110,FVHPHP, 01-JUN-2009 01:39:04:75, EngineTurn
1389751,45, L,110,HPXUQG, 01-JUN-2009 01:39:10:35, EngineTurn
1389752,45, L,110,XUXUVB, 01-JUN-2009 01:41:58:45, EngineTurn
1389753,45, L,110,XUXUJD, 01-JUN-2009 01:41:58:45, EngineTurn
1389754,45, L,110,MQUXXU, 01-JUN-2009 01:45:25:00, EngineTurn
1389755,45, L,110,HP, 01-JUN-2009 02:04:40:45, InFlight
1389756,45, L,110,MQUXXU, 01-JUN-2009 02:04:41:15, InFlight
1389757,45, L,110,UXXUXU, 01-JUN-2009 02:04:50:65, InFlight
1389758,45, L,110,FVHPHP, 01-JUN-2009 02:04:51:05, InFlight
1389759,45, L,110,UXJDVB, 01-JUN-2009 02:05:03:05, InFlight
1389760,45, L,110,UXXUVB, 01-JUN-2009 02:11:51:05, InFlight
1389761,45, L,110,UXVBJD, 01-JUN-2009 02:46:17:20, InFlight
1389762,45, L,110,XUXUJD, 01-JUN-2009 03:35:08:40, EngineTurn
1389763,45, L,110,XUXUVB, 01-JUN-2009 03:35:08:40, EngineTurn
1389764,45, L,110,UXXUXU, 01-JUN-2009 03:40:03:40, EngineTurn
1389765,45, L,110,FVHPHP, 01-JUN-2009 03:40:03:40, EngineTurn
1389766,45, L,110,UXJDVB, 01-JUN-2009 03:40:03:40, EngineTurn
1389767,45, L,110,UXXUVB, 01-JUN-2009 03:40:03:40, EngineTurn
1389768,45, L,110,UXVBJD, 01-JUN-2009 03:40:03:40, EngineTurn
1389769,45, L,110,XUXUVB, 01-JUN-2009 03:40:03:40, EngineTurn
1389770,45, L,110,XUXUJD, 01-JUN-2009 03:40:03:40, EngineTurn
1389771,45, L,110,MQUXXU, 01-JUN-2009 03:40:03:40, EngineTurn
1389772,45, L,110,HP, 01-JUN-2009 03:40:03:40, EngineTurn
1389773,45, L,110,MQUXXU, 01-JUN-2009 03:40:03:50, EngineTurn
1389774,45, L,110,UXXUXU, 01-JUN-2009 03:40:03:50, EngineTurn
1389775,45, L,110,FVHPHP, 01-JUN-2009 03:40:03:50, EngineTurn
1389776,45, L,110,UXJDVB, 01-JUN-2009 03:40:03:50, EngineTurn
1389777,45, L,110,HP, 01-JUN-2009 03:40:03:50, EngineTurn
1389778,45, L,110,UXVBJD, 01-JUN-2009 03:40:03:50, EngineTurn
1389779,45, L,110,XUXUVB, 01-JUN-2009 03:40:03:50, EngineTurn
1389780,45, L,110,XUXUJD, 01-JUN-2009 03:40:03:50, EngineTurn
1389781,45, L,110,UXXUVB, 01-JUN-2009 03:40:03:50, EngineTurn
1389782,45, L,110,XUXUJD, 01-JUN-2009 03:40:05:30, EngineTurn
1389783,45, L,110,UXVBJD, 01-JUN-2009 03:40:05:30, EngineTurn
1389784,45, L,110,XUXUVB, 01-JUN-2009 03:40:05:30, EngineTurn
1389785,45, L,110,UXXUVB, 01-JUN-2009 03:40:05:30, EngineTurn
1389786,45, L,110,UXJDVB, 01-JUN-2009 03:40:05:30, EngineTurn
1389787,45, L,110,FVHPHP, 01-JUN-2009 03:40:05:30, EngineTurn
1389788,45, L,110,UXXUXU, 01-JUN-2009 03:40:05:30, EngineTurn
1389789,45, L,110,MQUXXU, 01-JUN-2009 03:40:05:30, EngineTurn
1389790,45, L,110,HP, 01-JUN-2009 03:40:05:30, EngineTurn
1389791,45, L,110,HPXUFV, 01-JUN-2009 03:46:28:25, EngineTurn
1389792,45, L,110,UXXUXU, 01-JUN-2009 10:36:45:15, EngineTurn
1389793,45, L,110,FVHPHP, 01-JUN-2009 10:36:45:35, EngineTurn
1389794,45, L,110,MQZJTL, 01-JUN-2009 10:37:45:05, EngineTurn
1389795,45, L,110,MQUXXU, 01-JUN-2009 10:40:34:65, EngineTurn
1389796,45, L,110,XUXUJD, 01-JUN-2009 10:43:51:65, EngineTurn
1389797,45, L,110,HPXUQG, 01-JUN-2009 10:48:18:80, EngineTurn
1389798,45, L,110,HP, 01-JUN-2009 11:21:41:50, InFlight
1389799,45, L,110,MQUXXU, 01-JUN-2009 11:21:42:20, InFlight
1389800,45, L,110,UXXUXU, 01-JUN-2009 11:21:51:90, InFlight
1389801,45, L,110,FVHPHP, 01-JUN-2009 11:21:52:10, InFlight
1389802,45, L,110,UXJDVB, 01-JUN-2009 11:22:01:90, InFlight
1389803,45, L,110,MQMQHP, 01-JUN-2009 11:51:47:55, InFlight
1389804,45, L,110,UXVBJD, 01-JUN-2009 12:12:25:00, InFlight
1389805,45, L,110,FVMQHP, 01-JUN-2009 12:13:55:80, InFlight
1389806,45, L,110,XUXUJD, 01-JUN-2009 12:34:00:10, EngineTurn
1389807,45, L,110,FVHPHP, 01-JUN-2009 12:35:27:45, EngineTurn
1389808,45, L,110,UXJDVB, 01-JUN-2009 12:35:27:45, EngineTurn
1389809,45, L,110,MQMQHP, 01-JUN-2009 12:35:27:45, EngineTurn
1389810,45, L,110,UXVBJD, 01-JUN-2009 12:35:27:45, EngineTurn
1389811,45, L,110,FVMQHP, 01-JUN-2009 12:35:27:45, EngineTurn
1389812,45, L,110,XUXUJD, 01-JUN-2009 12:35:27:45, EngineTurn
1389813,45, L,110,HP, 01-JUN-2009 12:35:27:45, EngineTurn
1389814,45, L,110,MQUXXU, 01-JUN-2009 12:35:27:45, EngineTurn
1389815,45, L,110,UXXUXU, 01-JUN-2009 12:35:27:45, EngineTurn
1389816,45, L,110,HP, 01-JUN-2009 12:35:27:55, EngineTurn
1389817,45, L,110,MQUXXU, 01-JUN-2009 12:35:27:55, EngineTurn
1389818,45, L,110,UXXUXU, 01-JUN-2009 12:35:27:55, EngineTurn
1389819,45, L,110,FVHPHP, 01-JUN-2009 12:35:27:55, EngineTurn
1389820,45, L,110,XUXUJD, 01-JUN-2009 12:35:27:55, EngineTurn
1389821,45, L,110,MQMQHP, 01-JUN-2009 12:35:27:55, EngineTurn
1389822,45, L,110,UXVBJD, 01-JUN-2009 12:35:27:55, EngineTurn
1389823,45, L,110,FVMQHP, 01-JUN-2009 12:35:27:55, EngineTurn
1389824,45, L,110,UXJDVB, 01-JUN-2009 12:35:27:55, EngineTurn
1389825,45, L,110,HP, 01-JUN-2009 12:35:29:35, EngineTurn
1389826,45, L,110,MQUXXU, 01-JUN-2009 12:35:29:35, EngineTurn
1389827,45, L,110,UXXUXU, 01-JUN-2009 12:35:29:35, EngineTurn
1389828,45, L,110,FVHPHP, 01-JUN-2009 12:35:29:35, EngineTurn
1389829,45, L,110,UXJDVB, 01-JUN-2009 12:35:29:35, EngineTurn
1389830,45, L,110,MQMQHP, 01-JUN-2009 12:35:29:35, EngineTurn
1389831,45, L,110,UXVBJD, 01-JUN-2009 12:35:29:35, EngineTurn
1389832,45, L,110,FVMQHP, 01-JUN-2009 12:35:29:35, EngineTurn
1389833,45, L,110,XUXUJD, 01-JUN-2009 12:35:29:35, EngineTurn
1389834,45, L,110,MQFVJD, 01-JUN-2009 12:36:06:25, EngineTurn
1389835,45, L,110,HP, 01-JUN-2011 19:35:16:45, GrndPwr
1389836,45, L,110,FVHPHP, 01-JUN-2011 19:35:16:45, GrndPwr
1389837,45, L,110,MQUXUX, 01-JUN-2011 19:35:16:45, GrndPwr
1389838,45, L,110,MZUXHP, 01-JUN-2011 23:40:00:65, EngineTurn
1389839,45, L,110,HPXUQG, 01-JUN-2011 23:40:00:65, EngineTurn
1389840,45, L,110,JDVBMQ, 01-JUN-2011 23:41:28:85, EngineTurn
1389841,45, L,110,HP, 01-JUN-2011 23:51:25:25, EngineTurn
1389842,45, L,110,MZUXHP, 01-JUN-2011 23:51:49:05, EngineTurn
1389843,45, L,110,FVHPHP, 01-JUN-2011 23:51:51:05, EngineTurn
1389844,45, L,110,UXXUXU, 01-JUN-2011 23:51:53:95, EngineTurn
1389845,45, L,110,MQHPXU, 01-JUN-2011 23:57:04:30, EngineTurn
1389846,45, LL,110,MQXUFV, 01-JUN-2017 14:16:24:00, EngineTurn
1389847,45, LL,110,XUXUVB, 01-JUN-2017 14:20:10:00, EngineTurn
1389848,45, LL,110,XUXUJD, 01-JUN-2017 14:20:10:00, EngineTurn
1389849,45, LL,110,UXQGZJ, 01-JUN-2018 01:55:25:25, EngineTurn
1389850,45, LL,110,FVHPHP, 01-JUN-2018 01:55:25:45, EngineTurn
1389851,45, LL,110,UXXUXU, 01-JUN-2018 01:55:25:65, EngineTurn
1389852,45, LL,110,UXXUXU, 01-JUN-2018 01:55:28:45, EngineTurn
1389853,45, LL,110,UXQGZJ, 01-JUN-2018 01:55:28:45, EngineTurn
1389854,45, LL,110,FVHPHP, 01-JUN-2018 01:55:28:45, EngineTurn
1389855,45, LL,110,HP, 01-JUN-2018 01:55:28:45, EngineTurn
1389856,45, LL,110,HPTLZJ, 01-JUN-2018 01:55:33:15, EngineTurn
1389857,45, LL,110,HP, 01-JUN-2018 02:02:36:50, EngineTurn
1389858,45, LL,110,HPTLZJ, 01-JUN-2018 02:02:36:80, EngineTurn
1389859,45, LL,110,UXXUXU, 01-JUN-2018 02:02:48:30, EngineTurn
1389860,45, LL,110,FVHPHP, 01-JUN-2018 02:02:48:50, EngineTurn
1389861,45, LL,110,HPUXZJ, 01-JUN-2018 02:03:27:80, EngineTurn
1389862,45, LL,110,MQMQHP, 01-JUN-2018 02:04:21:80, EngineTurn
1389863,45, LL,110,HP, 01-JUN-2018 02:22:46:45, InFlight
1389864,45, LL,110,HPUXZJ, 01-JUN-2018 02:22:47:15, InFlight
1389865,45, LL,110,HPTLZJ, 01-JUN-2018 02:22:47:15, InFlight
1389866,45, LL,110,UXXUXU, 01-JUN-2018 02:22:56:85, InFlight
1389867,45, LL,110,FVHPHP, 01-JUN-2018 02:22:57:05, InFlight
1389868,45, LL,110,ZJMZNV, 01-JUN-2018 02:30:53:40, InFlight
1389869,45, LL,110,MZMZUX, 01-JUN-2018 02:35:46:35, InFlight
1389870,45, LL,110,UXQGHP, 01-JUN-2018 03:16:47:95, EngineTurn
1389871,45, LL,110,UXQGZJ, 01-JUN-2018 03:26:28:60, EngineTurn
1389872,45, LL,110,XUXUVB, 01-JUN-2018 03:26:34:30, EngineTurn
1389873,45, LL,110,UXQGZJ, 01-JUN-2018 03:53:06:95, EngineTurn
1389874,45, LL,110,XUXUVB, 01-JUN-2018 03:53:06:95, EngineTurn
1389875,45, LL,110,HPUXZJ, 01-JUN-2018 03:53:06:95, EngineTurn
1389876,45, LL,110,HPTLZJ, 01-JUN-2018 03:53:06:95, EngineTurn
1389877,45, LL,110,UXXUXU, 01-JUN-2018 03:53:06:95, EngineTurn
1389878,45, LL,110,FVHPHP, 01-JUN-2018 03:53:06:95, EngineTurn
1389879,45, LL,110,ZJMZNV, 01-JUN-2018 03:53:06:95, EngineTurn
1389880,45, LL,110,MZMZUX, 01-JUN-2018 03:53:06:95, EngineTurn
1389881,45, LL,110,UXQGHP, 01-JUN-2018 03:53:06:95, EngineTurn
1389882,45, LL,110,MQMQZJ, 01-JUN-2018 03:53:42:65, EngineTurn
1389883,45, LL,110,MZVBRT, 01-JUN-2018 04:47:14:15, EngineTurn
1389884,45, LL,110,MZXUHP, 01-JUN-2018 04:47:14:15, EngineTurn
1389885,45, LL,110,HPXUFV, 01-JUN-2018 04:47:14:15, EngineTurn
1389886,45, LL,110,MZUXBM, 01-JUN-2018 04:47:14:15, EngineTurn
1389887,45, LL,110,MZUXNV, 01-JUN-2018 04:47:14:15, EngineTurn
1389888,45, LL,110,MZQGRT, 01-JUN-2018 04:47:14:15, EngineTurn
1389889,45, LL,110,MZFVBM, 01-JUN-2018 04:47:14:15, EngineTurn
1389890,45, LL,110,MQMQHP, 01-JUN-2018 04:47:14:15, EngineTurn
1389891,45, LL,110,MQFVFV, 01-JUN-2018 04:47:14:15, EngineTurn
1389892,45, LL,110,JDMQMZ, 01-JUN-2018 04:47:14:15, EngineTurn
1389893,45, LL,110,HP, 01-JUN-2018 04:47:14:15, EngineTurn
1389894,45, LL,110,MZQGTL, 01-JUN-2018 04:47:14:15, EngineTurn
1389895,45, L,110,MQHPZJ, 01-MAR-2004 15:45:16:65, EngineTurn
1389896,45, L,110,UXXUXU, 01-MAR-2004 15:45:16:65, EngineTurn
1389897,45, L,110,FVHPHP, 01-MAR-2004 15:45:16:65, EngineTurn
1389898,45, L,110,HPVBZJ, 01-MAR-2004 15:46:15:85, EngineTurn
1389899,45, L,110,MQHPMZ, 01-MAR-2004 15:46:26:85, EngineTurn
1389900,45, L,110,ZJZJQG, 01-MAR-2004 15:46:44:85, EngineTurn
1389901,45, L,110,XUXUJD, 01-MAR-2004 15:49:25:45, EngineTurn
1389902,45, L,110,MQZJTL, 01-MAR-2004 15:50:06:45, EngineTurn
1389903,45, L,110,MQMQMQ, 01-MAR-2004 15:50:06:45, EngineTurn
1389904,45, L,110,HP, 01-MAR-2004 15:51:16:75, EngineTurn
1389905,45, L,110,HPVBZJ, 01-MAR-2004 15:51:17:45, EngineTurn
1389906,45, L,110,XUXUJD, 01-MAR-2004 15:51:17:45, EngineTurn
1389907,45, L,110,MQMQMQ, 01-MAR-2004 15:51:17:45, EngineTurn
1389908,45, L,110,MQZJTL, 01-MAR-2004 15:51:17:45, EngineTurn
1389909,45, L,110,FVFVMQ, 01-MAR-2004 15:51:23:35, EngineTurn
1389910,45, L,110,UXXUXU, 01-MAR-2004 15:51:27:35, EngineTurn
1389911,45, L,110,FVHPHP, 01-MAR-2004 15:51:27:55, EngineTurn
1389912,45, L,110,MQHPXU, 01-MAR-2004 15:52:35:45, EngineTurn
1389913,45, L,110,MQMQHP, 01-MAR-2004 15:52:35:45, EngineTurn
1389914,45, L,110,MQHPMZ, 01-MAR-2004 16:02:31:70, EngineTurn
1389915,45, L,110,MQHPZJ, 01-MAR-2004 16:02:32:70, EngineTurn
1389916,45, L,110,JDUXMZ, 01-MAR-2004 16:20:04:55, InFlight
1389917,45, L,110,HP, 01-MAR-2004 16:20:09:85, InFlight
1389918,45, L,110,JDUXMZ, 01-MAR-2004 16:20:10:55, InFlight
1389919,45, L,110,FVFVMQ, 01-MAR-2004 16:20:11:25, InFlight
1389920,45, L,110,UXXUXU, 01-MAR-2004 16:20:20:25, InFlight
1389921,45, L,110,FVHPHP, 01-MAR-2004 16:20:20:45, InFlight
1389922,45, L,110,MQMQMQ, 01-MAR-2004 16:58:16:05, InFlight
1389923,45, L,110,MQZJTL, 01-MAR-2004 16:58:16:05, InFlight
1389924,45, L,110,MQHPXU, 01-MAR-2004 17:00:15:05, InFlight
1389925,45, L,110,MQMQHP, 01-MAR-2004 17:00:45:05, InFlight
1389926,45, L,110,MQXUFV, 01-MAR-2004 17:01:12:25, InFlight
1389927,45, L,110,ZJZJQG, 01-MAR-2004 17:10:08:45, InFlight
1389928,45, L,110,UXXUXU, 01-MAR-2004 21:12:13:70, EngineTurn
1389929,45, L,110,FVHPHP, 01-MAR-2004 21:12:13:90, EngineTurn
1389930,45, L,110,MQHPMZ, 01-MAR-2004 21:13:02:80, EngineTurn
1389931,45, L,110,MQHPZJ, 01-MAR-2004 21:13:04:80, EngineTurn
1389932,45, L,110,UXXUQG, 01-MAR-2004 21:16:50:55, EngineTurn
1389933,45, L,110,HP, 01-MAR-2004 21:19:39:35, EngineTurn
1389934,45, L,110,UXXUXU, 01-MAR-2004 21:19:49:75, EngineTurn
1389935,45, L,110,UXXUQG, 01-MAR-2004 21:21:39:75, EngineTurn
1389936,45, L,110,JDUXMZ, 01-MAR-2004 21:34:51:80, InFlight
1389937,45, L,110,HP, 01-MAR-2004 21:34:57:10, InFlight
1389938,45, L,110,JDUXMZ, 01-MAR-2004 21:34:57:80, InFlight
1389939,45, L,110,UXXUXU, 01-MAR-2004 21:35:07:50, InFlight
1389940,45, L,110,ZJMQXU, 01-MAR-2004 21:35:35:80, InFlight
1389941,45, L,110,MQXUFV, 01-MAR-2004 21:56:18:00, InFlight
1389942,45, L,110,UXFVHP, 01-MAR-2004 22:01:48:05, InFlight
1389943,45, L,110,UXXUQG, 01-MAR-2004 22:53:59:35, EngineTurn
1389944,45, L,110,HP, 01-MAR-2010 14:09:11:30, InFlight
1389945,45, L,110,HPXUQG, 01-MAR-2010 14:09:19:00, InFlight
1389946,45, L,110,UXXUXU, 01-MAR-2010 14:09:21:50, InFlight
1389947,45, L,110,FVHPHP, 01-MAR-2010 14:09:21:90, InFlight
1389948,45, L,110,MQMQHP, 01-MAR-2010 14:25:18:25, InFlight
1389949,45, L,110,UXJDVB, 01-MAR-2010 14:37:34:45, InFlight
1389950,45, L,110,XUXUJD, 01-MAR-2010 15:19:38:05, EngineTurn
1389951,45, L,110,XUXUVB, 01-MAR-2010 15:19:38:05, EngineTurn
1389952,45, L,110,HP, 01-MAR-2010 17:01:13:55, InFlight
1389953,45, L,110,HPXUQG, 01-MAR-2010 17:01:21:25, InFlight
1389954,45, L,110,UXXUXU, 01-MAR-2010 17:01:23:95, InFlight
1389955,45, L,110,FVHPHP, 01-MAR-2010 17:01:24:15, InFlight
1389956,45, L,110,XUJDFV, 01-MAR-2010 17:01:31:25, InFlight
1389957,45, L,110,UXJDVB, 01-MAR-2010 17:25:01:65, InFlight
1389958,45, L,110,XUXUJD, 01-MAR-2010 17:43:17:75, EngineTurn
1389959,45, L,110,XUXUVB, 01-MAR-2010 17:43:17:75, EngineTurn
1389960,45, L,110,XUXUJD, 01-MAR-2010 17:44:31:30, EngineTurn
1389961,45, L,110,XUXUVB, 01-MAR-2010 17:44:31:30, EngineTurn
1389962,45, L,110,UXJDVB, 01-MAR-2010 17:44:31:30, EngineTurn
1389963,45, L,110,XUJDFV, 01-MAR-2010 17:44:31:30, EngineTurn
1389964,45, L,110,FVHPHP, 01-MAR-2010 17:44:31:30, EngineTurn
1389965,45, L,110,UXXUXU, 01-MAR-2010 17:44:31:30, EngineTurn
1389966,45, L,110,HP, 01-MAR-2010 17:44:31:30, EngineTurn
1389967,45, L,110,HPXUQG, 01-MAR-2010 17:44:31:30, EngineTurn
1389968,45, L,110,XUJDFV, 01-MAR-2010 17:44:31:40, EngineTurn
1389969,45, L,110,XUXUJD, 01-MAR-2010 17:44:31:40, EngineTurn
1389970,45, L,110,FVHPHP, 01-MAR-2010 17:44:31:40, EngineTurn
1389971,45, L,110,UXXUXU, 01-MAR-2010 17:44:31:40, EngineTurn
1389972,45, L,110,HPXUQG, 01-MAR-2010 17:44:31:40, EngineTurn
1389973,45, L,110,HP, 01-MAR-2010 17:44:31:40, EngineTurn
1389974,45, L,110,UXJDVB, 01-MAR-2010 17:44:31:40, EngineTurn
1389975,45, L,110,XUXUVB, 01-MAR-2010 17:44:31:40, EngineTurn
1389976,45, L,110,JDMZXU, 01-MAR-2013 03:01:06:35, EngineTurn
1389977,45, L,110,MQXUFV, 01-MAR-2013 03:01:06:35, EngineTurn
1389978,45, L,110,UXXUXU, 01-MAR-2013 03:01:08:25, EngineTurn
1389979,45, L,110,HPTLHP, 01-MAR-2013 03:01:10:35, EngineTurn
1389980,45, L,110,ZJUXNV, 01-MAR-2013 03:01:17:35, EngineTurn
1389981,45, L,110,FVHPHP, 01-MAR-2013 03:01:43:40, EngineTurn
1389982,45, L,110,HP, 01-MAR-2013 03:03:58:85, EngineTurn
1389983,45, L,110,HPTLHP, 01-MAR-2013 03:03:58:95, EngineTurn
1389984,45, L,110,ZJUXNV, 01-MAR-2013 03:03:58:95, EngineTurn
1389985,45, L,110,JDMZXU, 01-MAR-2013 03:03:58:95, EngineTurn
1389986,45, L,110,UXXUXU, 01-MAR-2013 03:04:09:25, EngineTurn
1389987,45, L,110,FVHPHP, 01-MAR-2013 03:04:09:45, EngineTurn
1389988,45, L,110,HP, 01-MAR-2013 03:51:25:00, InFlight
1389989,45, L,110,HPTLHP, 01-MAR-2013 03:51:25:70, InFlight
1389990,45, L,110,ZJUXNV, 01-MAR-2013 03:51:25:70, InFlight
1389991,45, L,110,JDMZXU, 01-MAR-2013 03:51:25:70, InFlight
1389992,45, L,110,UXXUXU, 01-MAR-2013 03:51:35:40, InFlight
1389993,45, L,110,FVHPHP, 01-MAR-2013 03:51:35:60, InFlight
1389994,45, L,110,UXJDVB, 01-MAR-2013 03:51:54:80, InFlight
1389995,45, L,110,UXXUVB, 01-MAR-2013 03:57:17:35, InFlight
1389996,45, L,110,HPFVZJ, 01-MAR-2013 04:06:42:85, InFlight
1389997,45, L,110,HPTLHP, 01-MAR-2013 04:46:23:55, EngineTurn
1389998,45, L,110,ZJUXNV, 01-MAR-2013 04:46:23:55, EngineTurn
1389999,45, L,110,HP, 01-MAR-2013 04:46:23:55, EngineTurn
1390000,45, L,110,JDMZXU, 01-MAR-2013 04:46:23:55, EngineTurn
1390001,45, L,110,UXXUXU, 01-MAR-2013 04:46:23:55, EngineTurn
1390002,45, L,110,FVHPHP, 01-MAR-2013 04:46:23:55, EngineTurn
1390003,45, L,110,UXJDVB, 01-MAR-2013 04:46:23:55, EngineTurn
1390004,45, L,110,UXXUVB, 01-MAR-2013 04:46:23:55, EngineTurn
1390005,45, L,110,HPFVZJ, 01-MAR-2013 04:46:23:55, EngineTurn
1390006,45, L,110,MQMQHP, 01-MAR-2013 04:47:18:35, EngineTurn
1390007,45, L,110,MQXUFV, 01-MAR-2013 04:47:19:55, EngineTurn
1390008,45, L,110,FVHPHP, 01-MAR-2013 04:51:32:95, EngineTurn
1390009,45, L,110,UXXUXU, 01-MAR-2013 04:51:32:95, EngineTurn
1390010,45, L,110,JDMZXU, 01-MAR-2013 04:51:32:95, EngineTurn
1390011,45, L,110,HPTLHP, 01-MAR-2013 04:51:32:95, EngineTurn
1390012,45, L,110,ZJUXNV, 01-MAR-2013 04:51:32:95, EngineTurn
1390013,45, L,110,MQXUFV, 01-MAR-2013 04:51:32:95, EngineTurn
1390014,45, L,110,UXJDVB, 01-MAR-2013 04:51:32:95, EngineTurn
1390015,45, L,110,UXXUVB, 01-MAR-2013 04:51:32:95, EngineTurn
1390016,45, L,110,HPFVZJ, 01-MAR-2013 04:51:32:95, EngineTurn
1390017,45, L,110,MQMQHP, 01-MAR-2013 04:51:32:95, EngineTurn
1390018,45, L,110,HP, 01-MAR-2013 04:51:32:95, EngineTurn
1390019,45, L,110,FVHPHP, 01-MAR-2013 04:51:33:05, EngineTurn
1390020,45, L,110,UXXUXU, 01-MAR-2013 04:51:33:05, EngineTurn
1390021,45, L,110,JDMZXU, 01-MAR-2013 04:51:33:05, EngineTurn
1390022,45, L,110,HPTLHP, 01-MAR-2013 04:51:33:05, EngineTurn
1390023,45, L,110,ZJUXNV, 01-MAR-2013 04:51:33:05, EngineTurn
1390024,45, L,110,HP, 01-MAR-2013 04:51:33:05, EngineTurn
1390025,45, L,110,UXJDVB, 01-MAR-2013 04:51:33:05, EngineTurn
1390026,45, L,110,MQXUFV, 01-MAR-2013 04:51:33:05, EngineTurn
1390027,45, L,110,MQMQHP, 01-MAR-2013 04:51:33:05, EngineTurn
1390028,45, L,110,HPFVZJ, 01-MAR-2013 04:51:33:05, EngineTurn
1390029,45, L,110,UXXUVB, 01-MAR-2013 04:51:33:05, EngineTurn
1390030,45, L,110,HP, 01-MAR-2013 04:51:34:85, EngineTurn
1390031,45, L,110,ZJUXNV, 01-MAR-2013 04:51:34:85, EngineTurn
1390032,45, L,110,HPTLHP, 01-MAR-2013 04:51:34:85, EngineTurn
1390033,45, L,110,JDMZXU, 01-MAR-2013 04:51:34:85, EngineTurn
1390034,45, L,110,UXXUXU, 01-MAR-2013 04:51:34:85, EngineTurn
1390035,45, L,110,FVHPHP, 01-MAR-2013 04:51:34:85, EngineTurn
1390036,45, L,110,UXJDVB, 01-MAR-2013 04:51:34:85, EngineTurn
1390037,45, L,110,HPFVZJ, 01-MAR-2013 04:51:34:85, EngineTurn
1390038,45, L,110,UXXUVB, 01-MAR-2013 04:51:34:85, EngineTurn
1390039,45, L,110,MQXUFV, 01-MAR-2013 04:51:34:85, EngineTurn
1390040,45, L,110,MQMQHP, 01-MAR-2013 04:51:34:85, EngineTurn
1390041,45, L,110,HPTLTL, 01-MAR-2013 04:54:05:05, EngineTurn
1390042,45, L,110,HPTLJD, 01-MAR-2013 04:54:05:05, EngineTurn
1390043,45, L,110,UXXUXU, 01-MAR-2016 02:57:16:60, EngineTurn
1390044,45, L,110,HPTLQG, 01-MAR-2016 02:57:16:60, EngineTurn
1390045,45, L,110,HPTLMZ, 01-MAR-2016 02:57:16:60, EngineTurn
1390046,45, L,110,HPTLHP, 01-MAR-2016 02:57:16:60, EngineTurn
1390047,45, L,110,FVHPHP, 01-MAR-2016 02:57:16:60, EngineTurn
1390048,45, L,110,MZFVRT, 01-MAR-2016 02:57:16:60, EngineTurn
1390049,45, L,110,ZJMQXU, 01-MAR-2016 02:57:16:60, EngineTurn
1390050,45, L,110,JDMZZJ, 01-MAR-2016 02:57:16:60, EngineTurn
1390051,45, L,110,UXJDVB, 01-MAR-2016 02:57:16:60, EngineTurn
1390052,45, L,110,MQMQZJ, 01-MAR-2016 02:57:16:60, EngineTurn
1390053,45, L,110,MZFVRT, 01-MAR-2016 02:57:16:70, EngineTurn
1390054,45, L,110,MQMQZJ, 01-MAR-2016 02:57:16:70, EngineTurn
1390055,45, L,110,HPTLHP, 01-MAR-2016 02:57:16:70, EngineTurn
1390056,45, L,110,HPTLMZ, 01-MAR-2016 02:57:16:70, EngineTurn
1390057,45, L,110,HPTLQG, 01-MAR-2016 02:57:16:70, EngineTurn
1390058,45, L,110,UXXUXU, 01-MAR-2016 02:57:16:70, EngineTurn
1390059,45, L,110,FVHPHP, 01-MAR-2016 02:57:16:70, EngineTurn
1390060,45, L,110,UXJDVB, 01-MAR-2016 02:57:16:70, EngineTurn
1390061,45, L,110,ZJMQXU, 01-MAR-2016 02:57:16:70, EngineTurn
1390062,45, L,110,JDMZZJ, 01-MAR-2016 02:57:16:70, EngineTurn
1390063,45, L,110,JDMZZJ, 01-MAR-2016 02:57:18:50, EngineTurn
1390064,45, L,110,UXJDVB, 01-MAR-2016 02:57:18:50, EngineTurn
1390065,45, L,110,ZJMQXU, 01-MAR-2016 02:57:18:50, EngineTurn
1390066,45, L,110,FVHPHP, 01-MAR-2016 02:57:18:50, EngineTurn
1390067,45, L,110,UXXUXU, 01-MAR-2016 02:57:18:50, EngineTurn
1390068,45, L,110,HPTLQG, 01-MAR-2016 02:57:18:50, EngineTurn
1390069,45, L,110,HPTLMZ, 01-MAR-2016 02:57:18:50, EngineTurn
1390070,45, L,110,HPTLHP, 01-MAR-2016 02:57:18:50, EngineTurn
1390071,45, L,110,MQMQZJ, 01-MAR-2016 02:57:18:50, EngineTurn
1390072,45, L,110,MZFVRT, 01-MAR-2016 02:57:18:50, EngineTurn
1390073,45, L,110,HPVBHP, 01-MAR-2016 22:51:41:30, EngineTurn
1390074,45, L,110,UXQGZJ, 01-MAR-2016 22:51:43:30, EngineTurn
1390075,45, L,110,FVHPHP, 01-MAR-2016 22:51:43:70, EngineTurn
1390076,45, L,110,UXXUXU, 01-MAR-2016 22:51:43:70, EngineTurn
1390077,45, L,110,MZFVRT, 01-MAR-2016 22:59:48:70, EngineTurn
1390078,45, L,110,HP, 01-MAR-2016 23:02:33:40, EngineTurn
1390079,45, L,110,MZFVRT, 01-MAR-2016 23:02:33:70, EngineTurn
1390080,45, L,110,UXXUXU, 01-MAR-2016 23:02:43:80, EngineTurn
1390081,45, L,110,FVHPHP, 01-MAR-2016 23:02:44:00, EngineTurn
1390082,45, L,110,HP, 01-MAR-2016 23:13:30:20, InFlight
1390083,45, L,110,MZFVRT, 01-MAR-2016 23:13:30:90, InFlight
1390084,45, L,110,UXXUXU, 01-MAR-2016 23:13:40:60, InFlight
1390085,45, L,110,FVHPHP, 01-MAR-2016 23:13:40:80, InFlight
1390086,45, L,110,UXJDVB, 01-MAR-2016 23:14:17:00, InFlight
1390087,45, L,110,ZJMQXU, 01-MAR-2016 23:17:43:90, InFlight
1390088,45, L,110,JDZJHP, 01-MAR-2016 23:49:13:45, InFlight
1390089,45, L,110,JDMZZJ, 01-MAR-2016 23:57:35:45, InFlight
1390090,45, LL,110,JDMZUX, 01-MAR-2018 15:18:18:90, EngineTurn
1390091,45, LL,110,JDMZFV, 01-MAR-2018 15:18:18:90, EngineTurn
1390092,45, LL,110,HPXUJD, 01-MAR-2018 15:18:18:90, EngineTurn
1390093,45, LL,110,HPHPQG, 01-MAR-2018 15:18:18:90, EngineTurn
1390094,45, LL,110,UXXUXU, 01-MAR-2018 15:18:18:90, EngineTurn
1390095,45, LL,110,HP, 01-MAR-2018 15:18:18:90, EngineTurn
1390096,45, LL,110,FVHPHP, 01-MAR-2018 15:18:18:90, EngineTurn
1390097,45, LL,110,HPTLZJ, 01-MAR-2018 15:18:18:90, EngineTurn
1390098,45, LL,110,JDZJHP, 01-MAR-2018 15:18:18:90, EngineTurn
1390099,45, LL,110,JDXUMZ, 01-MAR-2018 15:18:18:90, EngineTurn
1390100,45, LL,110,JDXUXU, 01-MAR-2018 15:18:18:90, EngineTurn
1390101,45, LL,110,JDZJJD, 01-MAR-2018 15:18:18:90, EngineTurn
1390102,45, LL,110,XUHPMQ, 01-MAR-2018 15:18:18:90, EngineTurn
1390103,45, LL,110,MQFVFV, 01-MAR-2018 15:18:18:90, EngineTurn
1390104,45, LL,110,JDHPHP, 01-MAR-2018 15:18:18:90, EngineTurn
1390105,45, LL,110,QGHPFV, 01-MAR-2018 15:18:18:90, EngineTurn
1390106,45, LL,110,UXMQXU, 01-MAR-2018 15:18:18:90, EngineTurn
1390107,45, LL,110,MQXUFV, 01-MAR-2018 15:18:37:80, EngineTurn
1390108,45, LL,110,MZUXBM, 01-MAR-2019 00:04:21:80, InFlight
1390109,45, LL,110,HPVBHP, 01-MAR-2019 00:04:21:80, InFlight
1390110,45, LL,110,HP, 01-MAR-2019 00:04:21:80, InFlight
1390111,45, LL,110,MZUXNV, 01-MAR-2019 00:04:21:80, InFlight
1390112,45, LL,110,HPQGJD, 01-MAR-2019 00:04:21:80, InFlight
1390113,45, LL,110,UXXUXU, 01-MAR-2019 00:04:31:40, InFlight
1390114,45, LL,110,FVHPHP, 01-MAR-2019 00:04:31:60, InFlight
1390115,45, LL,110,MQMQHP, 01-MAR-2019 00:26:48:25, InFlight
1390116,45, LL,110,HPQGJD, 01-MAR-2019 01:27:11:45, EngineTurn
1390117,45, LL,110,UXXUXU, 01-MAR-2019 01:27:11:45, EngineTurn
1390118,45, LL,110,FVHPHP, 01-MAR-2019 01:27:11:45, EngineTurn
1390119,45, LL,110,MZUXNV, 01-MAR-2019 01:27:11:45, EngineTurn
1390120,45, LL,110,MQMQHP, 01-MAR-2019 01:27:11:45, EngineTurn
1390121,45, LL,110,HPVBHP, 01-MAR-2019 01:27:11:45, EngineTurn
1390122,45, LL,110,MZUXBM, 01-MAR-2019 01:27:11:45, EngineTurn
1390123,45, LL,110,HPVBHP, 01-MAR-2019 01:27:11:55, EngineTurn
1390124,45, LL,110,MZUXBM, 01-MAR-2019 01:27:11:55, EngineTurn
1390125,45, LL,110,MQMQHP, 01-MAR-2019 01:27:11:55, EngineTurn
1390126,45, LL,110,FVHPHP, 01-MAR-2019 01:27:11:55, EngineTurn
1390127,45, LL,110,UXXUXU, 01-MAR-2019 01:27:11:55, EngineTurn
1390128,45, LL,110,HPQGJD, 01-MAR-2019 01:27:11:55, EngineTurn
1390129,45, LL,110,MZUXNV, 01-MAR-2019 01:27:11:55, EngineTurn
1390130,45, LL,110,HPVBHP, 01-MAR-2019 01:27:13:35, EngineTurn
1390131,45, LL,110,FVHPHP, 01-MAR-2019 01:27:13:35, EngineTurn
1390132,45, LL,110,UXXUXU, 01-MAR-2019 01:27:13:35, EngineTurn
1390133,45, LL,110,HPQGJD, 01-MAR-2019 01:27:13:35, EngineTurn
1390134,45, LL,110,MZUXNV, 01-MAR-2019 01:27:13:35, EngineTurn
1390135,45, LL,110,MZUXBM, 01-MAR-2019 01:27:13:35, EngineTurn
1390136,45, LL,110,MQMQHP, 01-MAR-2019 01:27:13:35, EngineTurn
